Workbook

Sheet Summary
A1: Supabase vs Power Platform — D2 Build Scheduler
A2: Cost + time comparison — verified pricing as of August 2026 · Stratirus
A4: Dimension | B4: Power Platform | C4: Supabase + Next.js | D4: Notes
A5: Software cost — monthly | B5: =Detail_PP!D14 | C5: =Detail_Supa!D18 | D5: Steady-state at 21 users. See detail sheets.
A6: Software cost — Year 1 | B6: =Detail_PP!D14*12 | C6: =Detail_Supa!D18*12 | D6: Software only, no build.
A7: One-time build cost | B7: =Detail_PP!E18 | C7: =Detail_Supa!E22 | D7: Dev hours × rate. Yellow cell = your hourly rate.
A8: 3-year TCO (build + software) | B8: =Detail_PP!D14*36+Detail_PP!E18 | C8: =Detail_Supa!D18*36+Detail_Supa!E22 | D8: 3-yr software + one-time build.
A9: Time to production (weeks) | B9: 13 | C9: =Detail_Supa!E26 | D9: PP is the plan's 13 weeks; Supabase is an estimate.
A10: MS-stack integration friction | B10: None (native) | C10: Real (Entra + SharePoint bridging) | D10: D2 is already Entra/SP/Outlook.
A11: Post-launch owner | B11: Stratirus + D2 low-code maker | C11: Requires Node/Postgres/React dev | D11: Skills continuity risk.
A12: DB-level uniqueness constraint | B12: Alternate key on Crew+Date | C12: EXCLUDE constraint on Crew+Date | D12: Both enforce it structurally. Postgres arguably cleaner.
A13: Offline mobile | B13: Native (documented limits) | C13: PWA + IndexedDB (custom build) | D13: Power Apps offline is a shipped product; PWA is code.
A14: Vendor lock-in | B14: High (Microsoft) | C14: Low (open-source Postgres) | D14: Supabase is Postgres — portable if you leave.
A17: Verdict
A18: Power Platform remains the right call for D2 unless there is a strategic reason to leave the MS stack.
A19: Supabase saves ~$3,000/yr on software but costs $15k–30k more upfront in dev hours than the low-code Power Platform build.
A20: The savings break even around year 3 IF build cost stays low and IF D2 has (or hires) someone who can maintain a Node/Postgres app.
A21: For D2's size and staffing, that break-even scenario is unlikely. Recommend Power Platform.

Sheet Detail_PP
A1: Power Platform — cost model
A2: Software costs from verified MS pricing. Build hours from the plan §11 estimate.
A4: Line | B4: Users | C4: Per user / mo | D4: Monthly | E4: Build $ | F4: Notes
A5: Power Apps Premium — office/PMs | B5: 8 | C5: 20 | D5: =B5*C5 | F5: MS list price
A6: Power Apps Premium — crew leads | B6: 10 | C6: 20 | D6: =B6*C6 | F6: Per-app retired Jan 2026; Premium is only path
A7: Power BI Pro | B7: 3 | C7: 14 | D7: =B7*C7 | F7: Raised April 2025
A8: Managed Environments | B8: 0 | C8: 0 | D8: =B8*C8 | F8: Included with Premium
A9: Dataverse capacity | B9: 0 | C9: 0 | D9: =B9*C9 | F9: 20 GB base + 250 MB/seat included
A14: Total monthly software | D14: =SUM(D5:D9)
A16: Build effort
A17: Estimated build hours | B17: 260 | F17: Plan §11: 13 weeks × ~20 low-code hrs/wk. Adjust the yellow cell.
A18: Blended low-code rate ($/hr) | B18: 140 | E18: =B17*B18 | F18: Stratirus blended low-code rate. Adjust the yellow cell.

Sheet Detail_Supa
A1: Supabase + Next.js on Vercel — cost model
A2: Software costs from verified 2026 pricing. Build hours are a professional-services estimate for equivalent scope.
A4: Line | B4: Qty | C4: Per unit / mo | D4: Monthly | E4: Build $ | F4: Notes
A5: Supabase Pro (1 project) | B5: 1 | C5: 25 | D5: =B5*C5 | F5: Includes Postgres, Auth (50k MAU), Storage 100GB, 8GB DB, Edge Functions, Realtime
A6: Supabase compute upgrade — Small | B6: 1 | C6: 5 | D6: =B6*C6 | F6: Micro ($10 credit included) → Small ($15). Adjust up if load requires.
A7: Vercel Pro — developer seats | B7: 2 | C7: 20 | D7: =B7*C7 | F7: Two seats for dev + backup. Viewer/D2 access is free.
A8: Vercel usage overage buffer | B8: 1 | C8: 20 | D8: =B8*C8 | F8: $20 credit included per seat; extra buffer for bandwidth/compute spikes.
A9: Domain + SSL | B9: 1 | C9: 2 | D9: =B9*C9 | F9: ~$15–20/yr amortized
A10: Transactional email (SES or Postmark) | B10: 1 | C10: 10 | D10: =B10*C10 | F10: Sign-off notifications; SES cheaper if AWS in play
A11: Monitoring (Sentry Team or similar) | B11: 1 | C11: 26 | D11: =B11*C11 | F11: Optional; skip for the first 90 days if budget-tight
A12: Backups + point-in-time recovery | B12: 1 | C12: 0 | D12: =B12*C12 | F12: Included in Supabase Pro
A13: Analytics / BI (Metabase self-host on Fly.io) | B13: 1 | C13: 12 | D13: =B13*C13 | F13: Alternative to Power BI. Or use Supabase's built-in reports for free.
A18: Total monthly software | D18: =SUM(D5:D13)
A20: Build effort
A21: Estimated build hours | B21: 420 | F21: Full-code build: Next.js UI, Supabase schema + RLS + triggers, PWA offline, auth glue. ~14 wks × 30 hrs/wk.
A22: Blended senior dev rate ($/hr) | B22: 185 | E22: =B21*B22 | F22: US senior full-stack rate. Adjust the yellow cell.
A25: Timeline estimate
A26: Estimated calendar weeks | B26: 14 | E26: =B26 | F26: Ship equivalent scope: office app + crew-lead PWA + reporting. Adjust the yellow cell.

Sheet Feature parity
A1: Feature-by-feature comparison
A2: Where the two stacks are equivalent, and where one clearly wins.
A4: Requirement | B4: Power Platform | C4: Supabase + Next.js | D4: Winner / notes
A5: One crew per day uniqueness | B5: Alternate key on Crew+Date, enforced by Dataverse | C5: EXCLUDE constraint on (crew_id, date), enforced by Postgres | D5: Tie. Postgres slightly cleaner semantics.
A6: Row-level security | B6: Column security profiles + business rules | C6: RLS policies in SQL, per-role | D6: Tie. Different mental models.
A7: Model-driven office app | B7: Native — auto-generated grids, forms, views | C7: Custom Next.js UI to build | D7: PP wins. Big time savings.
A8: Canvas / mobile app | B8: Power Apps Mobile with offline profile | C8: PWA + IndexedDB, custom sync layer | D8: PP wins on time. PWA more flexible long-term.
A9: Offline sync | B9: Native, documented limits | C9: Custom-build with Supabase realtime + local cache | D9: PP wins. PWA offline is a real engineering task.
A10: Scheduled batch jobs | B10: Power Automate scheduled flows | C10: Supabase pg_cron + Edge Functions | D10: Tie.
A11: Reporting / BI | B11: Power BI (native Dataverse connector) | C11: Metabase, self-hosted, or Supabase built-in views | D11: PP wins on polish; Supabase cheaper.
A12: Entra SSO | B12: Native | C12: Custom via Supabase Auth + Azure OIDC | D12: PP wins. Native identity is 'free' for M365 shops.
A13: SharePoint document integration | B13: Native | C13: Requires Graph API glue code | D13: PP wins.
A14: Vendor lock-in | B14: High — leaving means a full rebuild | C14: Low — Postgres is portable | D14: Supabase wins on strategic optionality.
A15: Post-launch support skills needed | B15: Low-code maker + M365 admin | C15: Node.js dev + Postgres DBA + DevOps | D15: PP wins for D2's size.
A16: Extensibility / custom logic | B16: Power Fx + Automate (limited); C# plugins possible | C16: TypeScript + SQL (unlimited) | D16: Supabase wins for anything unusual.

Sheet Sources
A1: Verified pricing sources
A2: Every unit price in Detail_PP and Detail_Supa traces to one of these.
A4: Item | B4: Value | C4: URL / note
A5: Supabase Pro base | B5: $25 / month / project | C5: supabase.com/pricing — verified Aug 2026
A6: Supabase Pro includes | B6: 8GB DB, 100GB storage, 50k MAU, 2M edge fn invocations, $10 compute credit | C6: Enough for D2's <20MB/yr and <30 users
A7: Supabase compute upgrade | B7: Small +$5/mo, Medium +$50/mo, Large +$100/mo | C7: Micro ok for D2 volume; Small buys headroom
A8: Vercel Pro | B8: $20 / developer seat / mo | C8: vercel.com/pricing — viewer seats free
A9: Vercel usage | B9: $0.128/hr compute, $0.15/GB transfer beyond $20 credit | C9: For D2 volume, $20 credit likely covers it
A10: SES transactional email | B10: $0.10 per 1000 emails | C10: aws.amazon.com/ses; ~$1/mo at D2 scale
A11: Sentry Team | B11: ~$26/mo | C11: sentry.io/pricing
A12: Metabase self-host on Fly.io | B12: ~$12/mo | C12: fly.io free-tier eligible; Metabase OSS is free
A13: Power Apps Premium | B13: $20/user/mo | C13: microsoft.com/power-platform/products/power-apps/pricing
A14: Power BI Pro | B14: $14/user/mo (raised Apr 2025) | C14: powerbi.microsoft.com/en-us/blog
A15: Managed Environments | B15: Included with Premium | C15: learn.microsoft.com managed-environment-licensing
